amfi_code,benchmark,tracking_error
119598,NIFTY100,0.28375789310276334
119598,NIFTY50,0.27791191514239166
120505,NIFTY100,0.2318665444119586
120505,NIFTY50,0.23302210701047477
149324,NIFTY100,0.2790487979409472
149324,NIFTY50,0.2716704744880419
100033,NIFTY100,0.2285998777868355
100033,NIFTY50,0.22965510762569802
120843,NIFTY100,0.2063351207604329
120843,NIFTY50,0.20505847525540474
